Intento,S,E,B,Valida
1,0,0,0,0
2,0,0,1,0
3,0,0,2,0
4,0,0,3,0
5,0,0,4,0
6,0,0,5,0
7,0,0,6,0
8,0,0,7,0
9,0,0,8,0
10,0,0,9,0
11,0,0,10,0
12,0,0,11,0
13,0,0,12,0
14,0,0,13,0
15,0,0,14,0
16,0,1,0,0
17,0,1,1,0
18,0,1,2,0
19,0,1,3,0
20,0,1,4,0
21,0,1,5,0
22,0,1,6,0
23,0,1,7,0
24,0,1,8,0
25,0,1,9,0
26,0,1,10,0
27,0,1,11,0
28,0,1,12,0
29,0,1,13,0
30,0,1,14,0
31,0,2,0,0
32,0,2,1,0
33,0,2,2,0
34,0,2,3,0
35,0,2,4,0
36,0,2,5,0
37,0,2,6,0
38,0,2,7,0
39,0,2,8,0
40,0,2,9,0
41,0,2,10,0
42,0,2,11,0
43,0,2,12,0
44,0,2,13,0
45,0,2,14,0
46,0,3,0,0
47,0,3,1,0
48,0,3,2,0
49,0,3,3,0
50,0,3,4,0
51,0,3,5,0
52,0,3,6,0
53,0,3,7,0
54,0,3,8,0
55,0,3,9,0
56,0,3,10,0
57,0,3,11,0
58,0,3,12,0
59,0,3,13,0
60,0,3,14,0
61,0,4,0,0
62,0,4,1,0
63,0,4,2,0
64,0,4,3,0
65,0,4,4,0
66,0,4,5,0
67,0,4,6,0
68,0,4,7,0
69,0,4,8,0
70,0,4,9,0
71,0,4,10,0
72,0,4,11,0
73,0,4,12,0
74,0,4,13,0
75,0,4,14,0
76,0,5,0,0
77,0,5,1,0
78,0,5,2,0
79,0,5,3,0
80,0,5,4,0
81,0,5,5,0
82,0,5,6,0
83,0,5,7,0
84,0,5,8,0
85,0,5,9,0
86,0,5,10,0
87,0,5,11,0
88,0,5,12,0
89,0,5,13,0
90,0,5,14,0
91,0,6,0,0
92,0,6,1,0
93,0,6,2,0
94,0,6,3,0
95,0,6,4,0
96,0,6,5,0
97,0,6,6,0
98,0,6,7,0
99,0,6,8,0
100,0,6,9,0
101,0,6,10,0
102,0,6,11,0
103,0,6,12,0
104,0,6,13,0
105,0,6,14,0
106,0,7,0,0
107,0,7,1,0
108,0,7,2,0
109,0,7,3,0
110,0,7,4,0
111,0,7,5,0
112,0,7,6,0
113,0,7,7,0
114,0,7,8,0
115,0,7,9,0
116,0,7,10,0
117,0,7,11,0
118,0,7,12,0
119,0,7,13,0
120,0,7,14,0
121,0,8,0,0
122,0,8,1,0
123,0,8,2,0
124,0,8,3,0
125,0,8,4,0
126,0,8,5,0
127,0,8,6,0
128,0,8,7,0
129,0,8,8,0
130,0,8,9,0
131,0,8,10,0
132,0,8,11,0
133,0,8,12,0
134,0,8,13,0
135,0,8,14,0
136,0,9,0,0
137,0,9,1,0
138,0,9,2,0
139,0,9,3,0
140,0,9,4,0
141,0,9,5,0
142,0,9,6,0
143,0,9,7,0
144,0,9,8,0
145,0,9,9,0
146,0,9,10,0
147,0,9,11,0
148,0,9,12,0
149,0,9,13,0
150,0,9,14,0
151,0,10,0,0
152,0,10,1,0
153,0,10,2,0
154,0,10,3,0
155,0,10,4,0
156,0,10,5,0
157,0,10,6,0
158,0,10,7,0
159,0,10,8,0
160,0,10,9,0
161,0,10,10,0
162,0,10,11,0
163,0,10,12,0
164,0,10,13,0
165,0,10,14,0
166,0,11,0,0
167,0,11,1,0
168,0,11,2,0
169,0,11,3,0
170,0,11,4,0
171,0,11,5,0
172,0,11,6,0
173,0,11,7,0
174,0,11,8,0
175,0,11,9,0
176,0,11,10,0
177,0,11,11,0
178,0,11,12,0
179,0,11,13,0
180,0,11,14,0
181,0,12,0,0
182,0,12,1,0
183,0,12,2,0
184,0,12,3,0
185,0,12,4,0
186,0,12,5,0
187,0,12,6,0
188,0,12,7,0
189,0,12,8,0
190,0,12,9,0
191,0,12,10,0
192,0,12,11,0
193,0,12,12,0
194,0,12,13,0
195,0,12,14,0
196,0,13,0,0
197,0,13,1,0
198,0,13,2,0
199,0,13,3,0
200,0,13,4,0
201,0,13,5,0
202,0,13,6,0
203,0,13,7,0
204,0,13,8,0
205,0,13,9,0
206,0,13,10,0
207,0,13,11,0
208,0,13,12,0
209,0,13,13,0
210,0,13,14,0
211,0,14,0,0
212,0,14,1,0
213,0,14,2,0
214,0,14,3,0
215,0,14,4,0
216,0,14,5,0
217,0,14,6,0
218,0,14,7,0
219,0,14,8,0
220,0,14,9,0
221,0,14,10,0
222,0,14,11,0
223,0,14,12,0
224,0,14,13,0
225,0,14,14,0
226,1,0,0,0
227,1,0,1,0
228,1,0,2,0
229,1,0,3,0
230,1,0,4,0
231,1,0,5,0
232,1,0,6,0
233,1,0,7,0
234,1,0,8,0
235,1,0,9,0
236,1,0,10,0
237,1,0,11,0
238,1,0,12,0
239,1,0,13,0
240,1,0,14,0
241,1,1,0,0
242,1,1,1,0
243,1,1,2,0
244,1,1,3,0
245,1,1,4,0
246,1,1,5,0
247,1,1,6,0
248,1,1,7,0
249,1,1,8,0
250,1,1,9,0
251,1,1,10,0
252,1,1,11,0
253,1,1,12,0
254,1,1,13,0
255,1,1,14,0
256,1,2,0,0
257,1,2,1,0
258,1,2,2,0
259,1,2,3,0
260,1,2,4,0
261,1,2,5,0
262,1,2,6,0
263,1,2,7,0
264,1,2,8,0
265,1,2,9,0
266,1,2,10,0
267,1,2,11,0
268,1,2,12,0
269,1,2,13,0
270,1,2,14,0
271,1,3,0,0
272,1,3,1,0
273,1,3,2,0
274,1,3,3,0
275,1,3,4,0
276,1,3,5,0
277,1,3,6,0
278,1,3,7,0
279,1,3,8,0
280,1,3,9,0
281,1,3,10,0
282,1,3,11,0
283,1,3,12,0
284,1,3,13,0
285,1,3,14,0
286,1,4,0,0
287,1,4,1,0
288,1,4,2,0
289,1,4,3,0
290,1,4,4,0
291,1,4,5,0
292,1,4,6,0
293,1,4,7,0
294,1,4,8,0
295,1,4,9,0
296,1,4,10,0
297,1,4,11,0
298,1,4,12,0
299,1,4,13,0
300,1,4,14,0
301,1,5,0,0
302,1,5,1,0
303,1,5,2,0
304,1,5,3,0
305,1,5,4,0
306,1,5,5,0
307,1,5,6,0
308,1,5,7,0
309,1,5,8,0
310,1,5,9,0
311,1,5,10,0
312,1,5,11,0
313,1,5,12,0
314,1,5,13,0
315,1,5,14,0
316,1,6,0,0
317,1,6,1,0
318,1,6,2,0
319,1,6,3,0
320,1,6,4,0
321,1,6,5,0
322,1,6,6,0
323,1,6,7,0
324,1,6,8,0
325,1,6,9,0
326,1,6,10,0
327,1,6,11,0
328,1,6,12,0
329,1,6,13,0
330,1,6,14,0
331,1,7,0,0
332,1,7,1,0
333,1,7,2,0
334,1,7,3,0
335,1,7,4,0
336,1,7,5,0
337,1,7,6,0
338,1,7,7,0
339,1,7,8,0
340,1,7,9,0
341,1,7,10,0
342,1,7,11,0
343,1,7,12,0
344,1,7,13,0
345,1,7,14,0
346,1,8,0,0
347,1,8,1,0
348,1,8,2,0
349,1,8,3,0
350,1,8,4,0
351,1,8,5,0
352,1,8,6,0
353,1,8,7,0
354,1,8,8,0
355,1,8,9,0
356,1,8,10,0
357,1,8,11,0
358,1,8,12,0
359,1,8,13,0
360,1,8,14,0
361,1,9,0,0
362,1,9,1,0
363,1,9,2,0
364,1,9,3,0
365,1,9,4,0
366,1,9,5,0
367,1,9,6,0
368,1,9,7,0
369,1,9,8,0
370,1,9,9,0
371,1,9,10,0
372,1,9,11,0
373,1,9,12,0
374,1,9,13,0
375,1,9,14,0
376,1,10,0,0
377,1,10,1,0
378,1,10,2,0
379,1,10,3,0
380,1,10,4,0
381,1,10,5,0
382,1,10,6,0
383,1,10,7,0
384,1,10,8,0
385,1,10,9,0
386,1,10,10,0
387,1,10,11,0
388,1,10,12,0
389,1,10,13,0
390,1,10,14,0
391,1,11,0,0
392,1,11,1,0
393,1,11,2,0
394,1,11,3,0
395,1,11,4,0
396,1,11,5,0
397,1,11,6,0
398,1,11,7,0
399,1,11,8,0
400,1,11,9,0
401,1,11,10,0
402,1,11,11,0
403,1,11,12,0
404,1,11,13,0
405,1,11,14,0
406,1,12,0,0
407,1,12,1,0
408,1,12,2,0
409,1,12,3,0
410,1,12,4,0
411,1,12,5,0
412,1,12,6,0
413,1,12,7,0
414,1,12,8,0
415,1,12,9,0
416,1,12,10,0
417,1,12,11,0
418,1,12,12,0
419,1,12,13,0
420,1,12,14,0
421,1,13,0,0
422,1,13,1,0
423,1,13,2,0
424,1,13,3,0
425,1,13,4,0
426,1,13,5,0
427,1,13,6,0
428,1,13,7,0
429,1,13,8,0
430,1,13,9,0
431,1,13,10,0
432,1,13,11,0
433,1,13,12,0
434,1,13,13,0
435,1,13,14,0
436,1,14,0,0
437,1,14,1,0
438,1,14,2,0
439,1,14,3,0
440,1,14,4,0
441,1,14,5,0
442,1,14,6,0
443,1,14,7,0
444,1,14,8,0
445,1,14,9,0
446,1,14,10,0
447,1,14,11,0
448,1,14,12,0
449,1,14,13,0
450,1,14,14,0
451,2,0,0,0
452,2,0,1,0
453,2,0,2,0
454,2,0,3,0
455,2,0,4,0
456,2,0,5,0
457,2,0,6,0
458,2,0,7,0
459,2,0,8,0
460,2,0,9,0
461,2,0,10,0
462,2,0,11,0
463,2,0,12,0
464,2,0,13,0
465,2,0,14,0
466,2,1,0,0
467,2,1,1,0
468,2,1,2,0
469,2,1,3,0
470,2,1,4,0
471,2,1,5,0
472,2,1,6,0
473,2,1,7,0
474,2,1,8,0
475,2,1,9,0
476,2,1,10,0
477,2,1,11,0
478,2,1,12,0
479,2,1,13,0
480,2,1,14,0
481,2,2,0,0
482,2,2,1,0
483,2,2,2,0
484,2,2,3,0
485,2,2,4,0
486,2,2,5,0
487,2,2,6,0
488,2,2,7,0
489,2,2,8,0
490,2,2,9,0
491,2,2,10,0
492,2,2,11,0
493,2,2,12,0
494,2,2,13,0
495,2,2,14,0
496,2,3,0,0
497,2,3,1,0
498,2,3,2,0
499,2,3,3,0
500,2,3,4,0
501,2,3,5,0
502,2,3,6,0
503,2,3,7,0
504,2,3,8,0
505,2,3,9,0
506,2,3,10,0
507,2,3,11,0
508,2,3,12,0
509,2,3,13,0
510,2,3,14,0
511,2,4,0,0
512,2,4,1,0
513,2,4,2,0
514,2,4,3,0
515,2,4,4,0
516,2,4,5,0
517,2,4,6,0
518,2,4,7,0
519,2,4,8,0
520,2,4,9,0
521,2,4,10,0
522,2,4,11,0
523,2,4,12,0
524,2,4,13,0
525,2,4,14,0
526,2,5,0,0
527,2,5,1,0
528,2,5,2,0
529,2,5,3,0
530,2,5,4,0
531,2,5,5,0
532,2,5,6,0
533,2,5,7,0
534,2,5,8,0
535,2,5,9,0
536,2,5,10,0
537,2,5,11,0
538,2,5,12,0
539,2,5,13,0
540,2,5,14,0
541,2,6,0,0
542,2,6,1,0
543,2,6,2,0
544,2,6,3,0
545,2,6,4,0
546,2,6,5,0
547,2,6,6,0
548,2,6,7,0
549,2,6,8,0
550,2,6,9,0
551,2,6,10,0
552,2,6,11,0
553,2,6,12,0
554,2,6,13,0
555,2,6,14,0
556,2,7,0,0
557,2,7,1,0
558,2,7,2,0
559,2,7,3,0
560,2,7,4,0
561,2,7,5,0
562,2,7,6,0
563,2,7,7,0
564,2,7,8,0
565,2,7,9,0
566,2,7,10,0
567,2,7,11,0
568,2,7,12,0
569,2,7,13,0
570,2,7,14,0
571,2,8,0,0
572,2,8,1,0
573,2,8,2,0
574,2,8,3,0
575,2,8,4,0
576,2,8,5,0
577,2,8,6,0
578,2,8,7,0
579,2,8,8,0
580,2,8,9,0
581,2,8,10,0
582,2,8,11,0
583,2,8,12,0
584,2,8,13,0
585,2,8,14,0
586,2,9,0,0
587,2,9,1,0
588,2,9,2,0
589,2,9,3,0
590,2,9,4,0
591,2,9,5,0
592,2,9,6,0
593,2,9,7,0
594,2,9,8,0
595,2,9,9,0
596,2,9,10,0
597,2,9,11,0
598,2,9,12,0
599,2,9,13,0
600,2,9,14,0
601,2,10,0,0
602,2,10,1,0
603,2,10,2,0
604,2,10,3,0
605,2,10,4,0
606,2,10,5,0
607,2,10,6,0
608,2,10,7,0
609,2,10,8,0
610,2,10,9,0
611,2,10,10,0
612,2,10,11,0
613,2,10,12,0
614,2,10,13,0
615,2,10,14,0
616,2,11,0,0
617,2,11,1,0
618,2,11,2,0
619,2,11,3,0
620,2,11,4,0
621,2,11,5,0
622,2,11,6,0
623,2,11,7,0
624,2,11,8,0
625,2,11,9,0
626,2,11,10,0
627,2,11,11,0
628,2,11,12,0
629,2,11,13,0
630,2,11,14,0
631,2,12,0,0
632,2,12,1,0
633,2,12,2,0
634,2,12,3,0
635,2,12,4,0
636,2,12,5,0
637,2,12,6,0
638,2,12,7,0
639,2,12,8,0
640,2,12,9,0
641,2,12,10,0
642,2,12,11,0
643,2,12,12,0
644,2,12,13,0
645,2,12,14,0
646,2,13,0,0
647,2,13,1,0
648,2,13,2,0
649,2,13,3,0
650,2,13,4,0
651,2,13,5,0
652,2,13,6,0
653,2,13,7,0
654,2,13,8,0
655,2,13,9,0
656,2,13,10,0
657,2,13,11,0
658,2,13,12,0
659,2,13,13,0
660,2,13,14,0
661,2,14,0,0
662,2,14,1,0
663,2,14,2,0
664,2,14,3,0
665,2,14,4,0
666,2,14,5,0
667,2,14,6,0
668,2,14,7,0
669,2,14,8,0
670,2,14,9,0
671,2,14,10,0
672,2,14,11,0
673,2,14,12,0
674,2,14,13,0
675,2,14,14,0
676,3,0,0,0
677,3,0,1,0
678,3,0,2,0
679,3,0,3,0
680,3,0,4,0
681,3,0,5,0
682,3,0,6,0
683,3,0,7,0
684,3,0,8,0
685,3,0,9,0
686,3,0,10,0
687,3,0,11,0
688,3,0,12,0
689,3,0,13,0
690,3,0,14,0
691,3,1,0,0
692,3,1,1,0
693,3,1,2,0
694,3,1,3,0
695,3,1,4,0
696,3,1,5,0
697,3,1,6,0
698,3,1,7,0
699,3,1,8,0
700,3,1,9,0
701,3,1,10,0
702,3,1,11,0
703,3,1,12,0
704,3,1,13,0
705,3,1,14,0
706,3,2,0,0
707,3,2,1,0
708,3,2,2,0
709,3,2,3,0
710,3,2,4,0
711,3,2,5,0
712,3,2,6,0
713,3,2,7,0
714,3,2,8,0
715,3,2,9,0
716,3,2,10,0
717,3,2,11,0
718,3,2,12,0
719,3,2,13,0
720,3,2,14,0
721,3,3,0,0
722,3,3,1,0
723,3,3,2,0
724,3,3,3,0
725,3,3,4,0
726,3,3,5,0
727,3,3,6,0
728,3,3,7,0
729,3,3,8,0
730,3,3,9,0
731,3,3,10,0
732,3,3,11,0
733,3,3,12,0
734,3,3,13,0
735,3,3,14,0
736,3,4,0,0
737,3,4,1,0
738,3,4,2,0
739,3,4,3,0
740,3,4,4,0
741,3,4,5,0
742,3,4,6,0
743,3,4,7,0
744,3,4,8,0
745,3,4,9,0
746,3,4,10,0
747,3,4,11,0
748,3,4,12,0
749,3,4,13,0
750,3,4,14,0
751,3,5,0,0
752,3,5,1,0
753,3,5,2,0
754,3,5,3,0
755,3,5,4,0
756,3,5,5,0
757,3,5,6,0
758,3,5,7,0
759,3,5,8,0
760,3,5,9,0
761,3,5,10,0
762,3,5,11,0
763,3,5,12,0
764,3,5,13,0
765,3,5,14,0
766,3,6,0,0
767,3,6,1,0
768,3,6,2,0
769,3,6,3,0
770,3,6,4,0
771,3,6,5,0
772,3,6,6,0
773,3,6,7,0
774,3,6,8,0
775,3,6,9,0
776,3,6,10,0
777,3,6,11,0
778,3,6,12,0
779,3,6,13,0
780,3,6,14,0
781,3,7,0,0
782,3,7,1,0
783,3,7,2,0
784,3,7,3,0
785,3,7,4,0
786,3,7,5,0
787,3,7,6,0
788,3,7,7,0
789,3,7,8,0
790,3,7,9,0
791,3,7,10,0
792,3,7,11,0
793,3,7,12,0
794,3,7,13,0
795,3,7,14,0
796,3,8,0,0
797,3,8,1,0
798,3,8,2,0
799,3,8,3,0
800,3,8,4,0
801,3,8,5,0
802,3,8,6,0
803,3,8,7,0
804,3,8,8,0
805,3,8,9,0
806,3,8,10,0
807,3,8,11,0
808,3,8,12,0
809,3,8,13,0
810,3,8,14,0
811,3,9,0,0
812,3,9,1,0
813,3,9,2,0
814,3,9,3,0
815,3,9,4,0
816,3,9,5,0
817,3,9,6,0
818,3,9,7,0
819,3,9,8,0
820,3,9,9,0
821,3,9,10,0
822,3,9,11,0
823,3,9,12,0
824,3,9,13,0
825,3,9,14,0
826,3,10,0,0
827,3,10,1,0
828,3,10,2,0
829,3,10,3,0
830,3,10,4,0
831,3,10,5,0
832,3,10,6,0
833,3,10,7,0
834,3,10,8,0
835,3,10,9,0
836,3,10,10,0
837,3,10,11,0
838,3,10,12,0
839,3,10,13,0
840,3,10,14,0
841,3,11,0,0
842,3,11,1,0
843,3,11,2,0
844,3,11,3,0
845,3,11,4,0
846,3,11,5,0
847,3,11,6,0
848,3,11,7,0
849,3,11,8,0
850,3,11,9,0
851,3,11,10,0
852,3,11,11,0
853,3,11,12,0
854,3,11,13,0
855,3,11,14,0
856,3,12,0,0
857,3,12,1,0
858,3,12,2,0
859,3,12,3,0
860,3,12,4,0
861,3,12,5,0
862,3,12,6,0
863,3,12,7,0
864,3,12,8,0
865,3,12,9,0
866,3,12,10,0
867,3,12,11,0
868,3,12,12,0
869,3,12,13,0
870,3,12,14,0
871,3,13,0,0
872,3,13,1,0
873,3,13,2,0
874,3,13,3,0
875,3,13,4,0
876,3,13,5,0
877,3,13,6,0
878,3,13,7,0
879,3,13,8,0
880,3,13,9,0
881,3,13,10,0
882,3,13,11,0
883,3,13,12,0
884,3,13,13,0
885,3,13,14,0
886,3,14,0,0
887,3,14,1,0
888,3,14,2,0
889,3,14,3,0
890,3,14,4,0
891,3,14,5,0
892,3,14,6,0
893,3,14,7,0
894,3,14,8,0
895,3,14,9,0
896,3,14,10,0
897,3,14,11,0
898,3,14,12,0
899,3,14,13,0
900,3,14,14,0
901,4,0,0,0
902,4,0,1,0
903,4,0,2,0
904,4,0,3,0
905,4,0,4,0
906,4,0,5,0
907,4,0,6,0
908,4,0,7,0
909,4,0,8,0
910,4,0,9,0
911,4,0,10,0
912,4,0,11,0
913,4,0,12,0
914,4,0,13,0
915,4,0,14,0
916,4,1,0,0
917,4,1,1,0
918,4,1,2,0
919,4,1,3,0
920,4,1,4,0
921,4,1,5,0
922,4,1,6,0
923,4,1,7,0
924,4,1,8,0
925,4,1,9,0
926,4,1,10,0
927,4,1,11,0
928,4,1,12,0
929,4,1,13,0
930,4,1,14,0
931,4,2,0,0
932,4,2,1,0
933,4,2,2,0
934,4,2,3,0
935,4,2,4,0
936,4,2,5,0
937,4,2,6,0
938,4,2,7,0
939,4,2,8,0
940,4,2,9,0
941,4,2,10,0
942,4,2,11,0
943,4,2,12,0
944,4,2,13,0
945,4,2,14,0
946,4,3,0,0
947,4,3,1,0
948,4,3,2,0
949,4,3,3,0
950,4,3,4,0
951,4,3,5,0
952,4,3,6,0
953,4,3,7,0
954,4,3,8,0
955,4,3,9,0
956,4,3,10,0
957,4,3,11,0
958,4,3,12,0
959,4,3,13,0
960,4,3,14,0
961,4,4,0,0
962,4,4,1,0
963,4,4,2,0
964,4,4,3,0
965,4,4,4,0
966,4,4,5,0
967,4,4,6,0
968,4,4,7,0
969,4,4,8,0
970,4,4,9,0
971,4,4,10,0
972,4,4,11,0
973,4,4,12,0
974,4,4,13,0
975,4,4,14,0
976,4,5,0,0
977,4,5,1,0
978,4,5,2,0
979,4,5,3,0
980,4,5,4,0
981,4,5,5,0
982,4,5,6,0
983,4,5,7,0
984,4,5,8,0
985,4,5,9,0
986,4,5,10,0
987,4,5,11,0
988,4,5,12,0
989,4,5,13,0
990,4,5,14,0
991,4,6,0,0
992,4,6,1,0
993,4,6,2,0
994,4,6,3,0
995,4,6,4,0
996,4,6,5,0
997,4,6,6,0
998,4,6,7,0
999,4,6,8,0
1000,4,6,9,0
1001,4,6,10,0
1002,4,6,11,0
1003,4,6,12,0
1004,4,6,13,0
1005,4,6,14,0
1006,4,7,0,0
1007,4,7,1,0
1008,4,7,2,0
1009,4,7,3,0
1010,4,7,4,0
1011,4,7,5,0
1012,4,7,6,0
1013,4,7,7,0
1014,4,7,8,0
1015,4,7,9,0
1016,4,7,10,0
1017,4,7,11,0
1018,4,7,12,0
1019,4,7,13,0
1020,4,7,14,0
1021,4,8,0,0
1022,4,8,1,0
1023,4,8,2,0
1024,4,8,3,0
1025,4,8,4,0
1026,4,8,5,0
1027,4,8,6,0
1028,4,8,7,0
1029,4,8,8,0
1030,4,8,9,0
1031,4,8,10,0
1032,4,8,11,0
1033,4,8,12,0
1034,4,8,13,0
1035,4,8,14,0
1036,4,9,0,0
1037,4,9,1,0
1038,4,9,2,0
1039,4,9,3,0
1040,4,9,4,0
1041,4,9,5,0
1042,4,9,6,0
1043,4,9,7,0
1044,4,9,8,0
1045,4,9,9,0
1046,4,9,10,0
1047,4,9,11,0
1048,4,9,12,0
1049,4,9,13,0
1050,4,9,14,0
1051,4,10,0,0
1052,4,10,1,0
1053,4,10,2,0
1054,4,10,3,0
1055,4,10,4,0
1056,4,10,5,0
1057,4,10,6,0
1058,4,10,7,0
1059,4,10,8,0
1060,4,10,9,0
1061,4,10,10,0
1062,4,10,11,0
1063,4,10,12,0
1064,4,10,13,0
1065,4,10,14,0
1066,4,11,0,0
1067,4,11,1,0
1068,4,11,2,0
1069,4,11,3,0
1070,4,11,4,0
1071,4,11,5,0
1072,4,11,6,0
1073,4,11,7,0
1074,4,11,8,0
1075,4,11,9,0
1076,4,11,10,0
1077,4,11,11,0
1078,4,11,12,0
1079,4,11,13,0
1080,4,11,14,0
1081,4,12,0,0
1082,4,12,1,0
1083,4,12,2,0
1084,4,12,3,0
1085,4,12,4,0
1086,4,12,5,0
1087,4,12,6,0
1088,4,12,7,0
1089,4,12,8,0
1090,4,12,9,0
1091,4,12,10,0
1092,4,12,11,0
1093,4,12,12,0
1094,4,12,13,0
1095,4,12,14,0
1096,4,13,0,0
1097,4,13,1,0
1098,4,13,2,0
1099,4,13,3,0
1100,4,13,4,0
1101,4,13,5,0
1102,4,13,6,0
1103,4,13,7,0
1104,4,13,8,0
1105,4,13,9,0
1106,4,13,10,0
1107,4,13,11,0
1108,4,13,12,0
1109,4,13,13,0
1110,4,13,14,0
1111,4,14,0,0
1112,4,14,1,0
1113,4,14,2,0
1114,4,14,3,0
1115,4,14,4,0
1116,4,14,5,0
1117,4,14,6,0
1118,4,14,7,0
1119,4,14,8,0
1120,4,14,9,0
1121,4,14,10,0
1122,4,14,11,0
1123,4,14,12,0
1124,4,14,13,0
1125,4,14,14,0
1126,5,0,0,0
1127,5,0,1,0
1128,5,0,2,0
1129,5,0,3,0
1130,5,0,4,0
1131,5,0,5,0
1132,5,0,6,0
1133,5,0,7,0
1134,5,0,8,0
1135,5,0,9,0
1136,5,0,10,0
1137,5,0,11,0
1138,5,0,12,0
1139,5,0,13,0
1140,5,0,14,0
1141,5,1,0,0
1142,5,1,1,0
1143,5,1,2,0
1144,5,1,3,0
1145,5,1,4,0
1146,5,1,5,0
1147,5,1,6,0
1148,5,1,7,0
1149,5,1,8,0
1150,5,1,9,0
1151,5,1,10,0
1152,5,1,11,0
1153,5,1,12,0
1154,5,1,13,0
1155,5,1,14,0
1156,5,2,0,0
1157,5,2,1,0
1158,5,2,2,0
1159,5,2,3,0
1160,5,2,4,0
1161,5,2,5,0
1162,5,2,6,0
1163,5,2,7,0
1164,5,2,8,0
1165,5,2,9,0
1166,5,2,10,0
1167,5,2,11,0
1168,5,2,12,0
1169,5,2,13,0
1170,5,2,14,0
1171,5,3,0,0
1172,5,3,1,0
1173,5,3,2,0
1174,5,3,3,0
1175,5,3,4,0
1176,5,3,5,0
1177,5,3,6,0
1178,5,3,7,0
1179,5,3,8,0
1180,5,3,9,0
1181,5,3,10,0
1182,5,3,11,0
1183,5,3,12,0
1184,5,3,13,0
1185,5,3,14,0
1186,5,4,0,0
1187,5,4,1,0
1188,5,4,2,0
1189,5,4,3,0
1190,5,4,4,0
1191,5,4,5,0
1192,5,4,6,0
1193,5,4,7,0
1194,5,4,8,0
1195,5,4,9,0
1196,5,4,10,0
1197,5,4,11,0
1198,5,4,12,0
1199,5,4,13,0
1200,5,4,14,0
1201,5,5,0,0
1202,5,5,1,0
1203,5,5,2,0
1204,5,5,3,0
1205,5,5,4,0
1206,5,5,5,0
1207,5,5,6,0
1208,5,5,7,0
1209,5,5,8,0
1210,5,5,9,0
1211,5,5,10,0
1212,5,5,11,0
1213,5,5,12,0
1214,5,5,13,0
1215,5,5,14,0
1216,5,6,0,0
1217,5,6,1,0
1218,5,6,2,0
1219,5,6,3,0
1220,5,6,4,0
1221,5,6,5,0
1222,5,6,6,0
1223,5,6,7,0
1224,5,6,8,0
1225,5,6,9,0
1226,5,6,10,0
1227,5,6,11,0
1228,5,6,12,0
1229,5,6,13,0
1230,5,6,14,0
1231,5,7,0,0
1232,5,7,1,0
1233,5,7,2,0
1234,5,7,3,0
1235,5,7,4,0
1236,5,7,5,0
1237,5,7,6,0
1238,5,7,7,0
1239,5,7,8,0
1240,5,7,9,0
1241,5,7,10,0
1242,5,7,11,0
1243,5,7,12,0
1244,5,7,13,0
1245,5,7,14,0
1246,5,8,0,0
1247,5,8,1,0
1248,5,8,2,0
1249,5,8,3,0
1250,5,8,4,0
1251,5,8,5,0
1252,5,8,6,0
1253,5,8,7,0
1254,5,8,8,0
1255,5,8,9,0
1256,5,8,10,0
1257,5,8,11,0
1258,5,8,12,0
1259,5,8,13,0
1260,5,8,14,0
1261,5,9,0,0
1262,5,9,1,0
1263,5,9,2,0
1264,5,9,3,0
1265,5,9,4,0
1266,5,9,5,0
1267,5,9,6,0
1268,5,9,7,0
1269,5,9,8,0
1270,5,9,9,0
1271,5,9,10,0
1272,5,9,11,0
1273,5,9,12,0
1274,5,9,13,0
1275,5,9,14,0
1276,5,10,0,0
1277,5,10,1,0
1278,5,10,2,0
1279,5,10,3,0
1280,5,10,4,0
1281,5,10,5,0
1282,5,10,6,0
1283,5,10,7,0
1284,5,10,8,0
1285,5,10,9,0
1286,5,10,10,0
1287,5,10,11,0
1288,5,10,12,0
1289,5,10,13,0
1290,5,10,14,0
1291,5,11,0,0
1292,5,11,1,0
1293,5,11,2,0
1294,5,11,3,0
1295,5,11,4,0
1296,5,11,5,0
1297,5,11,6,0
1298,5,11,7,0
1299,5,11,8,0
1300,5,11,9,0
1301,5,11,10,0
1302,5,11,11,0
1303,5,11,12,0
1304,5,11,13,0
1305,5,11,14,0
1306,5,12,0,0
1307,5,12,1,0
1308,5,12,2,0
1309,5,12,3,0
1310,5,12,4,0
1311,5,12,5,0
1312,5,12,6,0
1313,5,12,7,0
1314,5,12,8,0
1315,5,12,9,0
1316,5,12,10,0
1317,5,12,11,0
1318,5,12,12,0
1319,5,12,13,0
1320,5,12,14,0
1321,5,13,0,0
1322,5,13,1,0
1323,5,13,2,0
1324,5,13,3,0
1325,5,13,4,0
1326,5,13,5,0
1327,5,13,6,0
1328,5,13,7,0
1329,5,13,8,0
1330,5,13,9,0
1331,5,13,10,0
1332,5,13,11,0
1333,5,13,12,0
1334,5,13,13,0
1335,5,13,14,0
1336,5,14,0,0
1337,5,14,1,0
1338,5,14,2,0
1339,5,14,3,0
1340,5,14,4,0
1341,5,14,5,0
1342,5,14,6,0
1343,5,14,7,0
1344,5,14,8,0
1345,5,14,9,0
1346,5,14,10,0
1347,5,14,11,0
1348,5,14,12,0
1349,5,14,13,0
1350,5,14,14,0
1351,6,0,0,0
1352,6,0,1,0
1353,6,0,2,0
1354,6,0,3,0
1355,6,0,4,0
1356,6,0,5,0
1357,6,0,6,0
1358,6,0,7,0
1359,6,0,8,0
1360,6,0,9,0
1361,6,0,10,0
1362,6,0,11,0
1363,6,0,12,0
1364,6,0,13,0
1365,6,0,14,0
1366,6,1,0,0
1367,6,1,1,0
1368,6,1,2,0
1369,6,1,3,0
1370,6,1,4,0
1371,6,1,5,0
1372,6,1,6,0
1373,6,1,7,0
1374,6,1,8,0
1375,6,1,9,0
1376,6,1,10,0
1377,6,1,11,0
1378,6,1,12,0
1379,6,1,13,0
1380,6,1,14,0
1381,6,2,0,0
1382,6,2,1,0
1383,6,2,2,0
1384,6,2,3,0
1385,6,2,4,0
1386,6,2,5,0
1387,6,2,6,0
1388,6,2,7,0
1389,6,2,8,0
1390,6,2,9,0
1391,6,2,10,0
1392,6,2,11,0
1393,6,2,12,0
1394,6,2,13,0
1395,6,2,14,0
1396,6,3,0,0
1397,6,3,1,0
1398,6,3,2,0
1399,6,3,3,0
1400,6,3,4,0
1401,6,3,5,0
1402,6,3,6,0
1403,6,3,7,0
1404,6,3,8,0
1405,6,3,9,0
1406,6,3,10,0
1407,6,3,11,0
1408,6,3,12,0
1409,6,3,13,0
1410,6,3,14,0
1411,6,4,0,0
1412,6,4,1,0
1413,6,4,2,0
1414,6,4,3,0
1415,6,4,4,0
1416,6,4,5,0
1417,6,4,6,0
1418,6,4,7,0
1419,6,4,8,0
1420,6,4,9,0
1421,6,4,10,0
1422,6,4,11,0
1423,6,4,12,0
1424,6,4,13,0
1425,6,4,14,0
1426,6,5,0,0
1427,6,5,1,0
1428,6,5,2,0
1429,6,5,3,0
1430,6,5,4,0
1431,6,5,5,0
1432,6,5,6,0
1433,6,5,7,0
1434,6,5,8,0
1435,6,5,9,0
1436,6,5,10,0
1437,6,5,11,0
1438,6,5,12,0
1439,6,5,13,0
1440,6,5,14,0
1441,6,6,0,0
1442,6,6,1,0
1443,6,6,2,0
1444,6,6,3,0
1445,6,6,4,0
1446,6,6,5,0
1447,6,6,6,0
1448,6,6,7,0
1449,6,6,8,0
1450,6,6,9,0
1451,6,6,10,0
1452,6,6,11,0
1453,6,6,12,0
1454,6,6,13,0
1455,6,6,14,0
1456,6,7,0,0
1457,6,7,1,0
1458,6,7,2,0
1459,6,7,3,0
1460,6,7,4,0
1461,6,7,5,0
1462,6,7,6,0
1463,6,7,7,0
1464,6,7,8,0
1465,6,7,9,0
1466,6,7,10,0
1467,6,7,11,0
1468,6,7,12,0
1469,6,7,13,0
1470,6,7,14,0
1471,6,8,0,0
1472,6,8,1,0
1473,6,8,2,0
1474,6,8,3,0
1475,6,8,4,0
1476,6,8,5,0
1477,6,8,6,0
1478,6,8,7,0
1479,6,8,8,0
1480,6,8,9,0
1481,6,8,10,0
1482,6,8,11,0
1483,6,8,12,0
1484,6,8,13,0
1485,6,8,14,0
1486,6,9,0,0
1487,6,9,1,0
1488,6,9,2,0
1489,6,9,3,0
1490,6,9,4,0
1491,6,9,5,0
1492,6,9,6,0
1493,6,9,7,0
1494,6,9,8,0
1495,6,9,9,0
1496,6,9,10,0
1497,6,9,11,0
1498,6,9,12,0
1499,6,9,13,0
1500,6,9,14,0
1501,6,10,0,0
1502,6,10,1,0
1503,6,10,2,0
1504,6,10,3,0
1505,6,10,4,0
1506,6,10,5,0
1507,6,10,6,0
1508,6,10,7,0
1509,6,10,8,0
1510,6,10,9,0
1511,6,10,10,0
1512,6,10,11,0
1513,6,10,12,0
1514,6,10,13,0
1515,6,10,14,0
1516,6,11,0,0
1517,6,11,1,0
1518,6,11,2,0
1519,6,11,3,0
1520,6,11,4,0
1521,6,11,5,0
1522,6,11,6,0
1523,6,11,7,0
1524,6,11,8,0
1525,6,11,9,0
1526,6,11,10,0
1527,6,11,11,0
1528,6,11,12,0
1529,6,11,13,0
1530,6,11,14,0
1531,6,12,0,0
1532,6,12,1,0
1533,6,12,2,0
1534,6,12,3,0
1535,6,12,4,0
1536,6,12,5,0
1537,6,12,6,0
1538,6,12,7,0
1539,6,12,8,0
1540,6,12,9,0
1541,6,12,10,0
1542,6,12,11,0
1543,6,12,12,0
1544,6,12,13,0
1545,6,12,14,0
1546,6,13,0,0
1547,6,13,1,0
1548,6,13,2,0
1549,6,13,3,0
1550,6,13,4,0
1551,6,13,5,0
1552,6,13,6,0
1553,6,13,7,0
1554,6,13,8,0
1555,6,13,9,0
1556,6,13,10,0
1557,6,13,11,0
1558,6,13,12,0
1559,6,13,13,0
1560,6,13,14,0
1561,6,14,0,0
1562,6,14,1,0
1563,6,14,2,0
1564,6,14,3,0
1565,6,14,4,0
1566,6,14,5,0
1567,6,14,6,0
1568,6,14,7,0
1569,6,14,8,0
1570,6,14,9,0
1571,6,14,10,0
1572,6,14,11,0
1573,6,14,12,0
1574,6,14,13,0
1575,6,14,14,0
1576,7,0,0,0
1577,7,0,1,0
1578,7,0,2,0
1579,7,0,3,0
1580,7,0,4,0
1581,7,0,5,0
1582,7,0,6,0
1583,7,0,7,0
1584,7,0,8,0
1585,7,0,9,0
1586,7,0,10,0
1587,7,0,11,0
1588,7,0,12,0
1589,7,0,13,0
1590,7,0,14,0
1591,7,1,0,0
1592,7,1,1,0
1593,7,1,2,0
1594,7,1,3,0
1595,7,1,4,0
1596,7,1,5,0
1597,7,1,6,0
1598,7,1,7,0
1599,7,1,8,0
1600,7,1,9,0
1601,7,1,10,0
1602,7,1,11,0
1603,7,1,12,0
1604,7,1,13,0
1605,7,1,14,0
1606,7,2,0,0
1607,7,2,1,0
1608,7,2,2,0
1609,7,2,3,0
1610,7,2,4,0
1611,7,2,5,0
1612,7,2,6,0
1613,7,2,7,0
1614,7,2,8,0
1615,7,2,9,0
1616,7,2,10,0
1617,7,2,11,0
1618,7,2,12,0
1619,7,2,13,0
1620,7,2,14,0
1621,7,3,0,0
1622,7,3,1,0
1623,7,3,2,0
1624,7,3,3,0
1625,7,3,4,0
1626,7,3,5,0
1627,7,3,6,0
1628,7,3,7,0
1629,7,3,8,0
1630,7,3,9,0
1631,7,3,10,0
1632,7,3,11,0
1633,7,3,12,0
1634,7,3,13,0
1635,7,3,14,0
1636,7,4,0,0
1637,7,4,1,0
1638,7,4,2,0
1639,7,4,3,0
1640,7,4,4,0
1641,7,4,5,0
1642,7,4,6,0
1643,7,4,7,0
1644,7,4,8,0
1645,7,4,9,0
1646,7,4,10,0
1647,7,4,11,0
1648,7,4,12,0
1649,7,4,13,0
1650,7,4,14,0
1651,7,5,0,0
1652,7,5,1,0
1653,7,5,2,0
1654,7,5,3,0
1655,7,5,4,0
1656,7,5,5,0
1657,7,5,6,0
1658,7,5,7,0
1659,7,5,8,0
1660,7,5,9,0
1661,7,5,10,0
1662,7,5,11,0
1663,7,5,12,0
1664,7,5,13,0
1665,7,5,14,0
1666,7,6,0,0
1667,7,6,1,0
1668,7,6,2,0
1669,7,6,3,0
1670,7,6,4,0
1671,7,6,5,0
1672,7,6,6,0
1673,7,6,7,0
1674,7,6,8,0
1675,7,6,9,0
1676,7,6,10,0
1677,7,6,11,0
1678,7,6,12,0
1679,7,6,13,0
1680,7,6,14,0
1681,7,7,0,0
1682,7,7,1,0
1683,7,7,2,0
1684,7,7,3,0
1685,7,7,4,0
1686,7,7,5,0
1687,7,7,6,0
1688,7,7,7,0
1689,7,7,8,0
1690,7,7,9,0
1691,7,7,10,0
1692,7,7,11,0
1693,7,7,12,0
1694,7,7,13,0
1695,7,7,14,0
1696,7,8,0,0
1697,7,8,1,0
1698,7,8,2,0
1699,7,8,3,0
1700,7,8,4,0
1701,7,8,5,0
1702,7,8,6,0
1703,7,8,7,0
1704,7,8,8,0
1705,7,8,9,0
1706,7,8,10,0
1707,7,8,11,0
1708,7,8,12,0
1709,7,8,13,0
1710,7,8,14,0
1711,7,9,0,0
1712,7,9,1,0
1713,7,9,2,0
1714,7,9,3,0
1715,7,9,4,0
1716,7,9,5,0
1717,7,9,6,0
1718,7,9,7,0
1719,7,9,8,0
1720,7,9,9,0
1721,7,9,10,0
1722,7,9,11,0
1723,7,9,12,0
1724,7,9,13,0
1725,7,9,14,0
1726,7,10,0,0
1727,7,10,1,0
1728,7,10,2,0
1729,7,10,3,0
1730,7,10,4,0
1731,7,10,5,0
1732,7,10,6,0
1733,7,10,7,0
1734,7,10,8,0
1735,7,10,9,0
1736,7,10,10,0
1737,7,10,11,0
1738,7,10,12,0
1739,7,10,13,0
1740,7,10,14,0
1741,7,11,0,0
1742,7,11,1,0
1743,7,11,2,0
1744,7,11,3,0
1745,7,11,4,0
1746,7,11,5,0
1747,7,11,6,0
1748,7,11,7,0
1749,7,11,8,0
1750,7,11,9,0
1751,7,11,10,0
1752,7,11,11,0
1753,7,11,12,0
1754,7,11,13,0
1755,7,11,14,0
1756,7,12,0,0
1757,7,12,1,0
1758,7,12,2,0
1759,7,12,3,0
1760,7,12,4,0
1761,7,12,5,0
1762,7,12,6,0
1763,7,12,7,0
1764,7,12,8,0
1765,7,12,9,0
1766,7,12,10,0
1767,7,12,11,0
1768,7,12,12,0
1769,7,12,13,0
1770,7,12,14,0
1771,7,13,0,0
1772,7,13,1,0
1773,7,13,2,0
1774,7,13,3,0
1775,7,13,4,0
1776,7,13,5,0
1777,7,13,6,0
1778,7,13,7,0
1779,7,13,8,0
1780,7,13,9,0
1781,7,13,10,0
1782,7,13,11,0
1783,7,13,12,0
1784,7,13,13,0
1785,7,13,14,0
1786,7,14,0,0
1787,7,14,1,0
1788,7,14,2,0
1789,7,14,3,0
1790,7,14,4,0
1791,7,14,5,0
1792,7,14,6,0
1793,7,14,7,0
1794,7,14,8,0
1795,7,14,9,0
1796,7,14,10,0
1797,7,14,11,0
1798,7,14,12,0
1799,7,14,13,0
1800,7,14,14,0
1801,8,0,0,0
1802,8,0,1,0
1803,8,0,2,0
1804,8,0,3,0
1805,8,0,4,0
1806,8,0,5,0
1807,8,0,6,0
1808,8,0,7,0
1809,8,0,8,0
1810,8,0,9,0
1811,8,0,10,0
1812,8,0,11,0
1813,8,0,12,0
1814,8,0,13,0
1815,8,0,14,0
1816,8,1,0,0
1817,8,1,1,0
1818,8,1,2,0
1819,8,1,3,0
1820,8,1,4,0
1821,8,1,5,0
1822,8,1,6,0
1823,8,1,7,0
1824,8,1,8,0
1825,8,1,9,0
1826,8,1,10,0
1827,8,1,11,0
1828,8,1,12,0
1829,8,1,13,0
1830,8,1,14,0
1831,8,2,0,0
1832,8,2,1,0
1833,8,2,2,0
1834,8,2,3,0
1835,8,2,4,0
1836,8,2,5,0
1837,8,2,6,0
1838,8,2,7,0
1839,8,2,8,0
1840,8,2,9,0
1841,8,2,10,0
1842,8,2,11,0
1843,8,2,12,0
1844,8,2,13,0
1845,8,2,14,0
1846,8,3,0,0
1847,8,3,1,0
1848,8,3,2,0
1849,8,3,3,0
1850,8,3,4,0
1851,8,3,5,0
1852,8,3,6,0
1853,8,3,7,0
1854,8,3,8,0
1855,8,3,9,0
1856,8,3,10,0
1857,8,3,11,0
1858,8,3,12,0
1859,8,3,13,0
1860,8,3,14,0
1861,8,4,0,0
1862,8,4,1,0
1863,8,4,2,0
1864,8,4,3,0
1865,8,4,4,0
1866,8,4,5,0
1867,8,4,6,0
1868,8,4,7,0
1869,8,4,8,0
1870,8,4,9,0
1871,8,4,10,0
1872,8,4,11,0
1873,8,4,12,0
1874,8,4,13,0
1875,8,4,14,0
1876,8,5,0,0
1877,8,5,1,0
1878,8,5,2,0
1879,8,5,3,0
1880,8,5,4,0
1881,8,5,5,0
1882,8,5,6,0
1883,8,5,7,0
1884,8,5,8,0
1885,8,5,9,0
1886,8,5,10,0
1887,8,5,11,0
1888,8,5,12,0
1889,8,5,13,0
1890,8,5,14,0
1891,8,6,0,0
1892,8,6,1,0
1893,8,6,2,0
1894,8,6,3,0
1895,8,6,4,0
1896,8,6,5,0
1897,8,6,6,0
1898,8,6,7,0
1899,8,6,8,0
1900,8,6,9,0
1901,8,6,10,0
1902,8,6,11,0
1903,8,6,12,0
1904,8,6,13,0
1905,8,6,14,0
1906,8,7,0,0
1907,8,7,1,0
1908,8,7,2,0
1909,8,7,3,0
1910,8,7,4,0
1911,8,7,5,0
1912,8,7,6,0
1913,8,7,7,0
1914,8,7,8,0
1915,8,7,9,0
1916,8,7,10,0
1917,8,7,11,0
1918,8,7,12,0
1919,8,7,13,0
1920,8,7,14,0
1921,8,8,0,0
1922,8,8,1,0
1923,8,8,2,0
1924,8,8,3,0
1925,8,8,4,0
1926,8,8,5,0
1927,8,8,6,0
1928,8,8,7,0
1929,8,8,8,0
1930,8,8,9,0
1931,8,8,10,0
1932,8,8,11,0
1933,8,8,12,0
1934,8,8,13,0
1935,8,8,14,0
1936,8,9,0,0
1937,8,9,1,0
1938,8,9,2,0
1939,8,9,3,0
1940,8,9,4,0
1941,8,9,5,0
1942,8,9,6,0
1943,8,9,7,0
1944,8,9,8,0
1945,8,9,9,0
1946,8,9,10,0
1947,8,9,11,0
1948,8,9,12,0
1949,8,9,13,0
1950,8,9,14,0
1951,8,10,0,0
1952,8,10,1,0
1953,8,10,2,0
1954,8,10,3,0
1955,8,10,4,0
1956,8,10,5,0
1957,8,10,6,0
1958,8,10,7,0
1959,8,10,8,0
1960,8,10,9,0
1961,8,10,10,0
1962,8,10,11,0
1963,8,10,12,0
1964,8,10,13,0
1965,8,10,14,0
1966,8,11,0,0
1967,8,11,1,0
1968,8,11,2,0
1969,8,11,3,0
1970,8,11,4,0
1971,8,11,5,0
1972,8,11,6,0
1973,8,11,7,0
1974,8,11,8,0
1975,8,11,9,0
1976,8,11,10,0
1977,8,11,11,0
1978,8,11,12,0
1979,8,11,13,0
1980,8,11,14,0
1981,8,12,0,0
1982,8,12,1,0
1983,8,12,2,0
1984,8,12,3,0
1985,8,12,4,0
1986,8,12,5,0
1987,8,12,6,0
1988,8,12,7,0
1989,8,12,8,0
1990,8,12,9,0
1991,8,12,10,0
1992,8,12,11,0
1993,8,12,12,0
1994,8,12,13,0
1995,8,12,14,0
1996,8,13,0,0
1997,8,13,1,0
1998,8,13,2,0
1999,8,13,3,0
2000,8,13,4,0
2001,8,13,5,0
2002,8,13,6,0
2003,8,13,7,0
2004,8,13,8,0
2005,8,13,9,0
2006,8,13,10,0
2007,8,13,11,0
2008,8,13,12,0
2009,8,13,13,0
2010,8,13,14,0
2011,8,14,0,0
2012,8,14,1,0
2013,8,14,2,0
2014,8,14,3,0
2015,8,14,4,0
2016,8,14,5,0
2017,8,14,6,0
2018,8,14,7,0
2019,8,14,8,0
2020,8,14,9,0
2021,8,14,10,0
2022,8,14,11,0
2023,8,14,12,0
2024,8,14,13,0
2025,8,14,14,0
2026,9,0,0,0
2027,9,0,1,0
2028,9,0,2,0
2029,9,0,3,0
2030,9,0,4,0
2031,9,0,5,0
2032,9,0,6,0
2033,9,0,7,0
2034,9,0,8,0
2035,9,0,9,0
2036,9,0,10,0
2037,9,0,11,0
2038,9,0,12,0
2039,9,0,13,0
2040,9,0,14,0
2041,9,1,0,0
2042,9,1,1,0
2043,9,1,2,0
2044,9,1,3,0
2045,9,1,4,0
2046,9,1,5,0
2047,9,1,6,0
2048,9,1,7,0
2049,9,1,8,0
2050,9,1,9,0
2051,9,1,10,0
2052,9,1,11,0
2053,9,1,12,0
2054,9,1,13,0
2055,9,1,14,0
2056,9,2,0,0
2057,9,2,1,0
2058,9,2,2,0
2059,9,2,3,0
2060,9,2,4,0
2061,9,2,5,0
2062,9,2,6,0
2063,9,2,7,0
2064,9,2,8,0
2065,9,2,9,0
2066,9,2,10,0
2067,9,2,11,0
2068,9,2,12,0
2069,9,2,13,0
2070,9,2,14,0
2071,9,3,0,0
2072,9,3,1,0
2073,9,3,2,0
2074,9,3,3,0
2075,9,3,4,0
2076,9,3,5,0
2077,9,3,6,0
2078,9,3,7,0
2079,9,3,8,0
2080,9,3,9,0
2081,9,3,10,0
2082,9,3,11,0
2083,9,3,12,0
2084,9,3,13,0
2085,9,3,14,0
2086,9,4,0,0
2087,9,4,1,0
2088,9,4,2,0
2089,9,4,3,0
2090,9,4,4,0
2091,9,4,5,0
2092,9,4,6,0
2093,9,4,7,0
2094,9,4,8,0
2095,9,4,9,0
2096,9,4,10,0
2097,9,4,11,0
2098,9,4,12,0
2099,9,4,13,0
2100,9,4,14,0
2101,9,5,0,0
2102,9,5,1,0
2103,9,5,2,0
2104,9,5,3,0
2105,9,5,4,0
2106,9,5,5,0
2107,9,5,6,0
2108,9,5,7,0
2109,9,5,8,0
2110,9,5,9,0
2111,9,5,10,0
2112,9,5,11,0
2113,9,5,12,0
2114,9,5,13,0
2115,9,5,14,0
2116,9,6,0,0
2117,9,6,1,0
2118,9,6,2,0
2119,9,6,3,0
2120,9,6,4,0
2121,9,6,5,0
2122,9,6,6,0
2123,9,6,7,0
2124,9,6,8,0
2125,9,6,9,0
2126,9,6,10,0
2127,9,6,11,0
2128,9,6,12,0
2129,9,6,13,0
2130,9,6,14,0
2131,9,7,0,0
2132,9,7,1,0
2133,9,7,2,0
2134,9,7,3,0
2135,9,7,4,0
2136,9,7,5,0
2137,9,7,6,0
2138,9,7,7,0
2139,9,7,8,0
2140,9,7,9,0
2141,9,7,10,0
2142,9,7,11,0
2143,9,7,12,0
2144,9,7,13,0
2145,9,7,14,0
2146,9,8,0,0
2147,9,8,1,0
2148,9,8,2,0
2149,9,8,3,0
2150,9,8,4,0
2151,9,8,5,0
2152,9,8,6,0
2153,9,8,7,0
2154,9,8,8,0
2155,9,8,9,0
2156,9,8,10,0
2157,9,8,11,0
2158,9,8,12,0
2159,9,8,13,0
2160,9,8,14,0
2161,9,9,0,0
2162,9,9,1,0
2163,9,9,2,0
2164,9,9,3,0
2165,9,9,4,0
2166,9,9,5,0
2167,9,9,6,0
2168,9,9,7,0
2169,9,9,8,0
2170,9,9,9,0
2171,9,9,10,0
2172,9,9,11,0
2173,9,9,12,0
2174,9,9,13,0
2175,9,9,14,0
2176,9,10,0,0
2177,9,10,1,0
2178,9,10,2,0
2179,9,10,3,0
2180,9,10,4,0
2181,9,10,5,0
2182,9,10,6,0
2183,9,10,7,0
2184,9,10,8,0
2185,9,10,9,0
2186,9,10,10,0
2187,9,10,11,0
2188,9,10,12,0
2189,9,10,13,0
2190,9,10,14,0
2191,9,11,0,0
2192,9,11,1,0
2193,9,11,2,0
2194,9,11,3,0
2195,9,11,4,0
2196,9,11,5,0
2197,9,11,6,0
2198,9,11,7,0
2199,9,11,8,0
2200,9,11,9,0
2201,9,11,10,0
2202,9,11,11,0
2203,9,11,12,0
2204,9,11,13,0
2205,9,11,14,0
2206,9,12,0,0
2207,9,12,1,0
2208,9,12,2,0
2209,9,12,3,0
2210,9,12,4,0
2211,9,12,5,0
2212,9,12,6,0
2213,9,12,7,0
2214,9,12,8,0
2215,9,12,9,0
2216,9,12,10,0
2217,9,12,11,0
2218,9,12,12,0
2219,9,12,13,0
2220,9,12,14,0
2221,9,13,0,0
2222,9,13,1,0
2223,9,13,2,0
2224,9,13,3,0
2225,9,13,4,0
2226,9,13,5,0
2227,9,13,6,0
2228,9,13,7,0
2229,9,13,8,0
2230,9,13,9,0
2231,9,13,10,0
2232,9,13,11,0
2233,9,13,12,0
2234,9,13,13,0
2235,9,13,14,0
2236,9,14,0,0
2237,9,14,1,0
2238,9,14,2,0
2239,9,14,3,0
2240,9,14,4,0
2241,9,14,5,0
2242,9,14,6,0
2243,9,14,7,0
2244,9,14,8,0
2245,9,14,9,0
2246,9,14,10,0
2247,9,14,11,0
2248,9,14,12,0
2249,9,14,13,0
2250,9,14,14,0
2251,10,0,0,0
2252,10,0,1,0
2253,10,0,2,0
2254,10,0,3,0
2255,10,0,4,0
2256,10,0,5,0
2257,10,0,6,0
2258,10,0,7,0
2259,10,0,8,0
2260,10,0,9,0
2261,10,0,10,0
2262,10,0,11,0
2263,10,0,12,0
2264,10,0,13,0
2265,10,0,14,0
2266,10,1,0,0
2267,10,1,1,0
2268,10,1,2,0
2269,10,1,3,0
2270,10,1,4,0
2271,10,1,5,0
2272,10,1,6,0
2273,10,1,7,0
2274,10,1,8,0
2275,10,1,9,0
2276,10,1,10,0
2277,10,1,11,0
2278,10,1,12,0
2279,10,1,13,0
2280,10,1,14,0
2281,10,2,0,0
2282,10,2,1,0
2283,10,2,2,0
2284,10,2,3,0
2285,10,2,4,0
2286,10,2,5,0
2287,10,2,6,0
2288,10,2,7,0
2289,10,2,8,0
2290,10,2,9,0
2291,10,2,10,0
2292,10,2,11,0
2293,10,2,12,0
2294,10,2,13,0
2295,10,2,14,0
2296,10,3,0,0
2297,10,3,1,0
2298,10,3,2,0
2299,10,3,3,0
2300,10,3,4,0
2301,10,3,5,0
2302,10,3,6,0
2303,10,3,7,0
2304,10,3,8,0
2305,10,3,9,0
2306,10,3,10,0
2307,10,3,11,0
2308,10,3,12,0
2309,10,3,13,0
2310,10,3,14,0
2311,10,4,0,0
2312,10,4,1,0
2313,10,4,2,0
2314,10,4,3,0
2315,10,4,4,0
2316,10,4,5,0
2317,10,4,6,0
2318,10,4,7,0
2319,10,4,8,0
2320,10,4,9,0
2321,10,4,10,0
2322,10,4,11,0
2323,10,4,12,0
2324,10,4,13,0
2325,10,4,14,0
2326,10,5,0,0
2327,10,5,1,0
2328,10,5,2,0
2329,10,5,3,0
2330,10,5,4,0
2331,10,5,5,0
2332,10,5,6,0
2333,10,5,7,0
2334,10,5,8,0
2335,10,5,9,0
2336,10,5,10,0
2337,10,5,11,0
2338,10,5,12,0
2339,10,5,13,0
2340,10,5,14,0
2341,10,6,0,0
2342,10,6,1,0
2343,10,6,2,0
2344,10,6,3,0
2345,10,6,4,0
2346,10,6,5,0
2347,10,6,6,0
2348,10,6,7,0
2349,10,6,8,0
2350,10,6,9,0
2351,10,6,10,0
2352,10,6,11,0
2353,10,6,12,0
2354,10,6,13,0
2355,10,6,14,0
2356,10,7,0,0
2357,10,7,1,0
2358,10,7,2,0
2359,10,7,3,0
2360,10,7,4,0
2361,10,7,5,0
2362,10,7,6,0
2363,10,7,7,0
2364,10,7,8,0
2365,10,7,9,0
2366,10,7,10,0
2367,10,7,11,0
2368,10,7,12,0
2369,10,7,13,0
2370,10,7,14,0
2371,10,8,0,0
2372,10,8,1,0
2373,10,8,2,0
2374,10,8,3,0
2375,10,8,4,0
2376,10,8,5,0
2377,10,8,6,0
2378,10,8,7,0
2379,10,8,8,0
2380,10,8,9,0
2381,10,8,10,0
2382,10,8,11,0
2383,10,8,12,0
2384,10,8,13,0
2385,10,8,14,0
2386,10,9,0,0
2387,10,9,1,0
2388,10,9,2,0
2389,10,9,3,0
2390,10,9,4,0
2391,10,9,5,0
2392,10,9,6,0
2393,10,9,7,0
2394,10,9,8,0
2395,10,9,9,0
2396,10,9,10,0
2397,10,9,11,0
2398,10,9,12,0
2399,10,9,13,0
2400,10,9,14,0
2401,10,10,0,0
2402,10,10,1,0
2403,10,10,2,0
2404,10,10,3,0
2405,10,10,4,0
2406,10,10,5,0
2407,10,10,6,0
2408,10,10,7,0
2409,10,10,8,0
2410,10,10,9,0
2411,10,10,10,0
2412,10,10,11,0
2413,10,10,12,0
2414,10,10,13,0
2415,10,10,14,0
2416,10,11,0,0
2417,10,11,1,0
2418,10,11,2,0
2419,10,11,3,0
2420,10,11,4,0
2421,10,11,5,0
2422,10,11,6,0
2423,10,11,7,0
2424,10,11,8,0
2425,10,11,9,0
2426,10,11,10,0
2427,10,11,11,0
2428,10,11,12,0
2429,10,11,13,0
2430,10,11,14,0
2431,10,12,0,0
2432,10,12,1,0
2433,10,12,2,0
2434,10,12,3,0
2435,10,12,4,0
2436,10,12,5,0
2437,10,12,6,0
2438,10,12,7,0
2439,10,12,8,0
2440,10,12,9,0
2441,10,12,10,0
2442,10,12,11,0
2443,10,12,12,0
2444,10,12,13,0
2445,10,12,14,0
2446,10,13,0,0
2447,10,13,1,0
2448,10,13,2,0
2449,10,13,3,0
2450,10,13,4,0
2451,10,13,5,0
2452,10,13,6,0
2453,10,13,7,0
2454,10,13,8,0
2455,10,13,9,0
2456,10,13,10,0
2457,10,13,11,0
2458,10,13,12,0
2459,10,13,13,0
2460,10,13,14,0
2461,10,14,0,0
2462,10,14,1,0
2463,10,14,2,0
2464,10,14,3,0
2465,10,14,4,0
2466,10,14,5,0
2467,10,14,6,0
2468,10,14,7,0
2469,10,14,8,0
2470,10,14,9,0
2471,10,14,10,0
2472,10,14,11,0
2473,10,14,12,0
2474,10,14,13,0
2475,10,14,14,0
2476,11,0,0,0
2477,11,0,1,0
2478,11,0,2,0
2479,11,0,3,0
2480,11,0,4,0
2481,11,0,5,0
2482,11,0,6,0
2483,11,0,7,0
2484,11,0,8,0
2485,11,0,9,0
2486,11,0,10,0
2487,11,0,11,0
2488,11,0,12,0
2489,11,0,13,0
2490,11,0,14,0
2491,11,1,0,0
2492,11,1,1,0
2493,11,1,2,0
2494,11,1,3,0
2495,11,1,4,0
2496,11,1,5,0
2497,11,1,6,0
2498,11,1,7,0
2499,11,1,8,0
2500,11,1,9,0
2501,11,1,10,0
2502,11,1,11,0
2503,11,1,12,0
2504,11,1,13,0
2505,11,1,14,0
2506,11,2,0,0
2507,11,2,1,0
2508,11,2,2,0
2509,11,2,3,0
2510,11,2,4,0
2511,11,2,5,0
2512,11,2,6,0
2513,11,2,7,0
2514,11,2,8,0
2515,11,2,9,0
2516,11,2,10,0
2517,11,2,11,0
2518,11,2,12,0
2519,11,2,13,0
2520,11,2,14,0
2521,11,3,0,0
2522,11,3,1,0
2523,11,3,2,0
2524,11,3,3,0
2525,11,3,4,0
2526,11,3,5,0
2527,11,3,6,0
2528,11,3,7,0
2529,11,3,8,0
2530,11,3,9,0
2531,11,3,10,0
2532,11,3,11,0
2533,11,3,12,0
2534,11,3,13,0
2535,11,3,14,0
2536,11,4,0,0
2537,11,4,1,0
2538,11,4,2,0
2539,11,4,3,0
2540,11,4,4,0
2541,11,4,5,0
2542,11,4,6,0
2543,11,4,7,0
2544,11,4,8,0
2545,11,4,9,0
2546,11,4,10,0
2547,11,4,11,0
2548,11,4,12,0
2549,11,4,13,0
2550,11,4,14,0
2551,11,5,0,0
2552,11,5,1,0
2553,11,5,2,0
2554,11,5,3,0
2555,11,5,4,0
2556,11,5,5,0
2557,11,5,6,0
2558,11,5,7,0
2559,11,5,8,0
2560,11,5,9,0
2561,11,5,10,0
2562,11,5,11,0
2563,11,5,12,0
2564,11,5,13,0
2565,11,5,14,0
2566,11,6,0,0
2567,11,6,1,0
2568,11,6,2,0
2569,11,6,3,0
2570,11,6,4,0
2571,11,6,5,0
2572,11,6,6,0
2573,11,6,7,0
2574,11,6,8,0
2575,11,6,9,0
2576,11,6,10,0
2577,11,6,11,0
2578,11,6,12,0
2579,11,6,13,0
2580,11,6,14,0
2581,11,7,0,0
2582,11,7,1,0
2583,11,7,2,0
2584,11,7,3,0
2585,11,7,4,0
2586,11,7,5,0
2587,11,7,6,0
2588,11,7,7,0
2589,11,7,8,0
2590,11,7,9,0
2591,11,7,10,0
2592,11,7,11,0
2593,11,7,12,0
2594,11,7,13,0
2595,11,7,14,0
2596,11,8,0,0
2597,11,8,1,0
2598,11,8,2,0
2599,11,8,3,0
2600,11,8,4,0
2601,11,8,5,0
2602,11,8,6,0
2603,11,8,7,0
2604,11,8,8,0
2605,11,8,9,0
2606,11,8,10,0
2607,11,8,11,0
2608,11,8,12,0
2609,11,8,13,0
2610,11,8,14,0
2611,11,9,0,0
2612,11,9,1,0
2613,11,9,2,0
2614,11,9,3,0
2615,11,9,4,0
2616,11,9,5,0
2617,11,9,6,0
2618,11,9,7,0
2619,11,9,8,0
2620,11,9,9,0
2621,11,9,10,0
2622,11,9,11,0
2623,11,9,12,0
2624,11,9,13,0
2625,11,9,14,0
2626,11,10,0,0
2627,11,10,1,0
2628,11,10,2,0
2629,11,10,3,0
2630,11,10,4,0
2631,11,10,5,0
2632,11,10,6,0
2633,11,10,7,0
2634,11,10,8,0
2635,11,10,9,0
2636,11,10,10,0
2637,11,10,11,0
2638,11,10,12,0
2639,11,10,13,0
2640,11,10,14,0
2641,11,11,0,0
2642,11,11,1,0
2643,11,11,2,0
2644,11,11,3,0
2645,11,11,4,0
2646,11,11,5,0
2647,11,11,6,0
2648,11,11,7,0
2649,11,11,8,0
2650,11,11,9,0
2651,11,11,10,0
2652,11,11,11,0
2653,11,11,12,0
2654,11,11,13,0
2655,11,11,14,0
2656,11,12,0,0
2657,11,12,1,0
2658,11,12,2,0
2659,11,12,3,0
2660,11,12,4,0
2661,11,12,5,0
2662,11,12,6,0
2663,11,12,7,0
2664,11,12,8,0
2665,11,12,9,0
2666,11,12,10,0
2667,11,12,11,0
2668,11,12,12,0
2669,11,12,13,0
2670,11,12,14,0
2671,11,13,0,0
2672,11,13,1,0
2673,11,13,2,0
2674,11,13,3,0
2675,11,13,4,0
2676,11,13,5,0
2677,11,13,6,0
2678,11,13,7,0
2679,11,13,8,0
2680,11,13,9,0
2681,11,13,10,0
2682,11,13,11,0
2683,11,13,12,0
2684,11,13,13,0
2685,11,13,14,0
2686,11,14,0,0
2687,11,14,1,0
2688,11,14,2,0
2689,11,14,3,0
2690,11,14,4,0
2691,11,14,5,0
2692,11,14,6,0
2693,11,14,7,0
2694,11,14,8,0
2695,11,14,9,0
2696,11,14,10,0
2697,11,14,11,0
2698,11,14,12,0
2699,11,14,13,0
2700,11,14,14,0
2701,12,0,0,0
2702,12,0,1,0
2703,12,0,2,0
2704,12,0,3,0
2705,12,0,4,0
2706,12,0,5,0
2707,12,0,6,0
2708,12,0,7,0
2709,12,0,8,0
2710,12,0,9,0
2711,12,0,10,0
2712,12,0,11,0
2713,12,0,12,0
2714,12,0,13,0
2715,12,0,14,0
2716,12,1,0,0
2717,12,1,1,0
2718,12,1,2,0
2719,12,1,3,0
2720,12,1,4,0
2721,12,1,5,0
2722,12,1,6,0
2723,12,1,7,0
2724,12,1,8,0
2725,12,1,9,0
2726,12,1,10,0
2727,12,1,11,0
2728,12,1,12,0
2729,12,1,13,0
2730,12,1,14,0
2731,12,2,0,0
2732,12,2,1,0
2733,12,2,2,0
2734,12,2,3,0
2735,12,2,4,0
2736,12,2,5,0
2737,12,2,6,0
2738,12,2,7,0
2739,12,2,8,0
2740,12,2,9,0
2741,12,2,10,0
2742,12,2,11,0
2743,12,2,12,0
2744,12,2,13,0
2745,12,2,14,0
2746,12,3,0,0
2747,12,3,1,0
2748,12,3,2,0
2749,12,3,3,0
2750,12,3,4,0
2751,12,3,5,0
2752,12,3,6,0
2753,12,3,7,0
2754,12,3,8,0
2755,12,3,9,0
2756,12,3,10,0
2757,12,3,11,0
2758,12,3,12,0
2759,12,3,13,0
2760,12,3,14,0
2761,12,4,0,0
2762,12,4,1,0
2763,12,4,2,0
2764,12,4,3,0
2765,12,4,4,0
2766,12,4,5,0
2767,12,4,6,0
2768,12,4,7,0
2769,12,4,8,0
2770,12,4,9,0
2771,12,4,10,0
2772,12,4,11,0
2773,12,4,12,0
2774,12,4,13,0
2775,12,4,14,0
2776,12,5,0,0
2777,12,5,1,0
2778,12,5,2,0
2779,12,5,3,0
2780,12,5,4,0
2781,12,5,5,0
2782,12,5,6,0
2783,12,5,7,0
2784,12,5,8,0
2785,12,5,9,0
2786,12,5,10,0
2787,12,5,11,0
2788,12,5,12,0
2789,12,5,13,0
2790,12,5,14,0
2791,12,6,0,0
2792,12,6,1,0
2793,12,6,2,0
2794,12,6,3,0
2795,12,6,4,0
2796,12,6,5,0
2797,12,6,6,0
2798,12,6,7,0
2799,12,6,8,0
2800,12,6,9,0
2801,12,6,10,0
2802,12,6,11,0
2803,12,6,12,0
2804,12,6,13,0
2805,12,6,14,0
2806,12,7,0,0
2807,12,7,1,0
2808,12,7,2,0
2809,12,7,3,0
2810,12,7,4,0
2811,12,7,5,0
2812,12,7,6,0
2813,12,7,7,0
2814,12,7,8,0
2815,12,7,9,0
2816,12,7,10,0
2817,12,7,11,0
2818,12,7,12,0
2819,12,7,13,0
2820,12,7,14,0
2821,12,8,0,0
2822,12,8,1,0
2823,12,8,2,0
2824,12,8,3,0
2825,12,8,4,0
2826,12,8,5,0
2827,12,8,6,0
2828,12,8,7,0
2829,12,8,8,0
2830,12,8,9,0
2831,12,8,10,0
2832,12,8,11,0
2833,12,8,12,0
2834,12,8,13,0
2835,12,8,14,0
2836,12,9,0,0
2837,12,9,1,0
2838,12,9,2,0
2839,12,9,3,0
2840,12,9,4,0
2841,12,9,5,0
2842,12,9,6,0
2843,12,9,7,0
2844,12,9,8,0
2845,12,9,9,0
2846,12,9,10,0
2847,12,9,11,0
2848,12,9,12,0
2849,12,9,13,0
2850,12,9,14,0
2851,12,10,0,0
2852,12,10,1,0
2853,12,10,2,0
2854,12,10,3,0
2855,12,10,4,0
2856,12,10,5,0
2857,12,10,6,0
2858,12,10,7,0
2859,12,10,8,0
2860,12,10,9,0
2861,12,10,10,0
2862,12,10,11,0
2863,12,10,12,0
2864,12,10,13,0
2865,12,10,14,0
2866,12,11,0,0
2867,12,11,1,0
2868,12,11,2,0
2869,12,11,3,0
2870,12,11,4,0
2871,12,11,5,0
2872,12,11,6,0
2873,12,11,7,0
2874,12,11,8,0
2875,12,11,9,0
2876,12,11,10,0
2877,12,11,11,0
2878,12,11,12,0
2879,12,11,13,0
2880,12,11,14,0
2881,12,12,0,0
2882,12,12,1,0
2883,12,12,2,0
2884,12,12,3,0
2885,12,12,4,0
2886,12,12,5,0
2887,12,12,6,0
2888,12,12,7,0
2889,12,12,8,0
2890,12,12,9,0
2891,12,12,10,0
2892,12,12,11,0
2893,12,12,12,0
2894,12,12,13,0
2895,12,12,14,0
2896,12,13,0,0
2897,12,13,1,0
2898,12,13,2,0
2899,12,13,3,0
2900,12,13,4,0
2901,12,13,5,0
2902,12,13,6,0
2903,12,13,7,0
2904,12,13,8,0
2905,12,13,9,0
2906,12,13,10,0
2907,12,13,11,0
2908,12,13,12,0
2909,12,13,13,0
2910,12,13,14,0
2911,12,14,0,0
2912,12,14,1,0
2913,12,14,2,0
2914,12,14,3,0
2915,12,14,4,0
2916,12,14,5,0
2917,12,14,6,0
2918,12,14,7,0
2919,12,14,8,0
2920,12,14,9,0
2921,12,14,10,0
2922,12,14,11,0
2923,12,14,12,0
2924,12,14,13,0
2925,12,14,14,0
2926,13,0,0,0
2927,13,0,1,0
2928,13,0,2,0
2929,13,0,3,0
2930,13,0,4,0
2931,13,0,5,0
2932,13,0,6,0
2933,13,0,7,0
2934,13,0,8,0
2935,13,0,9,0
2936,13,0,10,0
2937,13,0,11,0
2938,13,0,12,0
2939,13,0,13,0
2940,13,0,14,0
2941,13,1,0,0
2942,13,1,1,0
2943,13,1,2,0
2944,13,1,3,0
2945,13,1,4,0
2946,13,1,5,0
2947,13,1,6,0
2948,13,1,7,0
2949,13,1,8,0
2950,13,1,9,0
2951,13,1,10,0
2952,13,1,11,0
2953,13,1,12,0
2954,13,1,13,0
2955,13,1,14,0
2956,13,2,0,0
2957,13,2,1,0
2958,13,2,2,0
2959,13,2,3,0
2960,13,2,4,0
2961,13,2,5,0
2962,13,2,6,0
2963,13,2,7,0
2964,13,2,8,0
2965,13,2,9,0
2966,13,2,10,0
2967,13,2,11,0
2968,13,2,12,0
2969,13,2,13,0
2970,13,2,14,0
2971,13,3,0,0
2972,13,3,1,0
2973,13,3,2,0
2974,13,3,3,0
2975,13,3,4,0
2976,13,3,5,0
2977,13,3,6,0
2978,13,3,7,0
2979,13,3,8,0
2980,13,3,9,0
2981,13,3,10,0
2982,13,3,11,0
2983,13,3,12,0
2984,13,3,13,0
2985,13,3,14,0
2986,13,4,0,0
2987,13,4,1,0
2988,13,4,2,0
2989,13,4,3,0
2990,13,4,4,0
2991,13,4,5,0
2992,13,4,6,0
2993,13,4,7,0
2994,13,4,8,0
2995,13,4,9,0
2996,13,4,10,0
2997,13,4,11,0
2998,13,4,12,0
2999,13,4,13,0
3000,13,4,14,0
3001,13,5,0,0
3002,13,5,1,0
3003,13,5,2,0
3004,13,5,3,0
3005,13,5,4,0
3006,13,5,5,0
3007,13,5,6,0
3008,13,5,7,0
3009,13,5,8,0
3010,13,5,9,0
3011,13,5,10,0
3012,13,5,11,0
3013,13,5,12,0
3014,13,5,13,0
3015,13,5,14,0
3016,13,6,0,0
3017,13,6,1,0
3018,13,6,2,0
3019,13,6,3,0
3020,13,6,4,0
3021,13,6,5,0
3022,13,6,6,0
3023,13,6,7,0
3024,13,6,8,0
3025,13,6,9,0
3026,13,6,10,0
3027,13,6,11,0
3028,13,6,12,0
3029,13,6,13,0
3030,13,6,14,0
3031,13,7,0,0
3032,13,7,1,0
3033,13,7,2,0
3034,13,7,3,0
3035,13,7,4,0
3036,13,7,5,0
3037,13,7,6,0
3038,13,7,7,0
3039,13,7,8,0
3040,13,7,9,0
3041,13,7,10,0
3042,13,7,11,0
3043,13,7,12,0
3044,13,7,13,0
3045,13,7,14,0
3046,13,8,0,0
3047,13,8,1,0
3048,13,8,2,0
3049,13,8,3,0
3050,13,8,4,0
3051,13,8,5,0
3052,13,8,6,0
3053,13,8,7,0
3054,13,8,8,0
3055,13,8,9,0
3056,13,8,10,0
3057,13,8,11,0
3058,13,8,12,0
3059,13,8,13,0
3060,13,8,14,0
3061,13,9,0,0
3062,13,9,1,0
3063,13,9,2,0
3064,13,9,3,0
3065,13,9,4,0
3066,13,9,5,0
3067,13,9,6,0
3068,13,9,7,0
3069,13,9,8,0
3070,13,9,9,0
3071,13,9,10,0
3072,13,9,11,0
3073,13,9,12,0
3074,13,9,13,0
3075,13,9,14,0
3076,13,10,0,0
3077,13,10,1,0
3078,13,10,2,0
3079,13,10,3,0
3080,13,10,4,0
3081,13,10,5,0
3082,13,10,6,0
3083,13,10,7,0
3084,13,10,8,0
3085,13,10,9,0
3086,13,10,10,0
3087,13,10,11,0
3088,13,10,12,0
3089,13,10,13,0
3090,13,10,14,0
3091,13,11,0,0
3092,13,11,1,0
3093,13,11,2,0
3094,13,11,3,0
3095,13,11,4,0
3096,13,11,5,0
3097,13,11,6,0
3098,13,11,7,0
3099,13,11,8,0
3100,13,11,9,0
3101,13,11,10,0
3102,13,11,11,0
3103,13,11,12,0
3104,13,11,13,0
3105,13,11,14,0
3106,13,12,0,0
3107,13,12,1,0
3108,13,12,2,0
3109,13,12,3,0
3110,13,12,4,0
3111,13,12,5,0
3112,13,12,6,0
3113,13,12,7,0
3114,13,12,8,0
3115,13,12,9,0
3116,13,12,10,0
3117,13,12,11,0
3118,13,12,12,0
3119,13,12,13,0
3120,13,12,14,0
3121,13,13,0,0
3122,13,13,1,0
3123,13,13,2,0
3124,13,13,3,0
3125,13,13,4,0
3126,13,13,5,0
3127,13,13,6,0
3128,13,13,7,0
3129,13,13,8,0
3130,13,13,9,0
3131,13,13,10,0
3132,13,13,11,0
3133,13,13,12,0
3134,13,13,13,0
3135,13,13,14,0
3136,13,14,0,0
3137,13,14,1,0
3138,13,14,2,0
3139,13,14,3,0
3140,13,14,4,0
3141,13,14,5,0
3142,13,14,6,0
3143,13,14,7,0
3144,13,14,8,0
3145,13,14,9,0
3146,13,14,10,0
3147,13,14,11,0
3148,13,14,12,0
3149,13,14,13,0
3150,13,14,14,0
3151,14,0,0,0
3152,14,0,1,0
3153,14,0,2,0
3154,14,0,3,0
3155,14,0,4,0
3156,14,0,5,0
3157,14,0,6,0
3158,14,0,7,0
3159,14,0,8,0
3160,14,0,9,0
3161,14,0,10,0
3162,14,0,11,0
3163,14,0,12,0
3164,14,0,13,0
3165,14,0,14,0
3166,14,1,0,0
3167,14,1,1,0
3168,14,1,2,0
3169,14,1,3,0
3170,14,1,4,0
3171,14,1,5,0
3172,14,1,6,0
3173,14,1,7,0
3174,14,1,8,0
3175,14,1,9,0
3176,14,1,10,0
3177,14,1,11,0
3178,14,1,12,0
3179,14,1,13,0
3180,14,1,14,0
3181,14,2,0,0
3182,14,2,1,0
3183,14,2,2,0
3184,14,2,3,0
3185,14,2,4,0
3186,14,2,5,0
3187,14,2,6,0
3188,14,2,7,0
3189,14,2,8,0
3190,14,2,9,0
3191,14,2,10,0
3192,14,2,11,0
3193,14,2,12,0
3194,14,2,13,0
3195,14,2,14,0
3196,14,3,0,0
3197,14,3,1,0
3198,14,3,2,0
3199,14,3,3,0
3200,14,3,4,0
3201,14,3,5,0
3202,14,3,6,0
3203,14,3,7,0
3204,14,3,8,0
3205,14,3,9,0
3206,14,3,10,0
3207,14,3,11,0
3208,14,3,12,0
3209,14,3,13,0
3210,14,3,14,0
3211,14,4,0,0
3212,14,4,1,0
3213,14,4,2,0
3214,14,4,3,0
3215,14,4,4,0
3216,14,4,5,0
3217,14,4,6,0
3218,14,4,7,0
3219,14,4,8,0
3220,14,4,9,0
3221,14,4,10,0
3222,14,4,11,0
3223,14,4,12,0
3224,14,4,13,0
3225,14,4,14,0
3226,14,5,0,0
3227,14,5,1,0
3228,14,5,2,0
3229,14,5,3,0
3230,14,5,4,0
3231,14,5,5,0
3232,14,5,6,0
3233,14,5,7,0
3234,14,5,8,0
3235,14,5,9,0
3236,14,5,10,0
3237,14,5,11,0
3238,14,5,12,0
3239,14,5,13,0
3240,14,5,14,0
3241,14,6,0,0
3242,14,6,1,0
3243,14,6,2,0
3244,14,6,3,0
3245,14,6,4,0
3246,14,6,5,0
3247,14,6,6,0
3248,14,6,7,0
3249,14,6,8,0
3250,14,6,9,0
3251,14,6,10,0
3252,14,6,11,0
3253,14,6,12,0
3254,14,6,13,0
3255,14,6,14,0
3256,14,7,0,0
3257,14,7,1,0
3258,14,7,2,0
3259,14,7,3,0
3260,14,7,4,0
3261,14,7,5,0
3262,14,7,6,0
3263,14,7,7,0
3264,14,7,8,0
3265,14,7,9,0
3266,14,7,10,0
3267,14,7,11,0
3268,14,7,12,0
3269,14,7,13,0
3270,14,7,14,0
3271,14,8,0,0
3272,14,8,1,0
3273,14,8,2,0
3274,14,8,3,0
3275,14,8,4,0
3276,14,8,5,0
3277,14,8,6,0
3278,14,8,7,0
3279,14,8,8,0
3280,14,8,9,0
3281,14,8,10,0
3282,14,8,11,0
3283,14,8,12,0
3284,14,8,13,0
3285,14,8,14,0
3286,14,9,0,0
3287,14,9,1,0
3288,14,9,2,0
3289,14,9,3,0
3290,14,9,4,0
3291,14,9,5,0
3292,14,9,6,0
3293,14,9,7,0
3294,14,9,8,0
3295,14,9,9,0
3296,14,9,10,0
3297,14,9,11,0
3298,14,9,12,0
3299,14,9,13,0
3300,14,9,14,0
3301,14,10,0,0
3302,14,10,1,0
3303,14,10,2,0
3304,14,10,3,0
3305,14,10,4,0
3306,14,10,5,0
3307,14,10,6,0
3308,14,10,7,0
3309,14,10,8,0
3310,14,10,9,0
3311,14,10,10,0
3312,14,10,11,0
3313,14,10,12,0
3314,14,10,13,0
3315,14,10,14,0
3316,14,11,0,0
3317,14,11,1,0
3318,14,11,2,0
3319,14,11,3,0
3320,14,11,4,0
3321,14,11,5,0
3322,14,11,6,0
3323,14,11,7,0
3324,14,11,8,0
3325,14,11,9,0
3326,14,11,10,0
3327,14,11,11,0
3328,14,11,12,0
3329,14,11,13,0
3330,14,11,14,0
3331,14,12,0,0
3332,14,12,1,0
3333,14,12,2,0
3334,14,12,3,0
3335,14,12,4,0
3336,14,12,5,0
3337,14,12,6,0
3338,14,12,7,0
3339,14,12,8,0
3340,14,12,9,0
3341,14,12,10,0
3342,14,12,11,0
3343,14,12,12,0
3344,14,12,13,0
3345,14,12,14,0
3346,14,13,0,0
3347,14,13,1,0
3348,14,13,2,0
3349,14,13,3,0
3350,14,13,4,0
3351,14,13,5,0
3352,14,13,6,0
3353,14,13,7,0
3354,14,13,8,0
3355,14,13,9,0
3356,14,13,10,0
3357,14,13,11,0
3358,14,13,12,0
3359,14,13,13,0
3360,14,13,14,0
3361,14,14,0,0
3362,14,14,1,0
3363,14,14,2,0
3364,14,14,3,0
3365,14,14,4,0
3366,14,14,5,0
3367,14,14,6,0
3368,14,14,7,0
3369,14,14,8,0
3370,14,14,9,0
3371,14,14,10,0
3372,14,14,11,0
3373,14,14,12,0
3374,14,14,13,0
3375,14,14,14,0
